{
  "original_data_cv": 0.9690132708411667,
  "augmented_data_cv": 0.9742113669937391,
  "improvement": 0.0051980961525723846,
  "individual_models": {
    "LightGBM": {
      "mean": 0.9706866825867925,
      "std": 0.0020077351320349187
    },
    "XGBoost": {
      "mean": 0.973542112535203,
      "std": 0.0013655257318524099
    },
    "CatBoost": {
      "mean": 0.9740328752489822,
      "std": 0.001423024788164034
    },
    "LogisticRegression": {
      "mean": 0.9744344418594396,
      "std": 0.0013136380916480917
    }
  }
}