{
  "phase2a_cv_mean": 0.9688513275213287,
  "phase2a_cv_std": 0.0020225602913310587,
  "baseline_cv_mean": 0.9690132708411667,
  "baseline_cv_std": 0.0018637329274941072,
  "improvement": -0.00016194331983798715,
  "status": "failed",
  "gm_status": "not_reached",
  "feature_count": 61,
  "cv_scores_phase2a": [
    0.9689608636977058,
    0.9676113360323887,
    0.9657219973009447,
    0.9711201079622133,
    0.9708423326133909
  ],
  "cv_scores_baseline": [
    0.9692307692307692,
    0.9676113360323887,
    0.9662618083670715,
    0.9711201079622133,
    0.9708423326133909
  ]
}