{
  "phase2b_cv_mean": 0.9689053523491399,
  "phase2b_cv_std": 0.0019546168457059043,
  "baseline_cv_mean": 0.9690132999886325,
  "baseline_cv_std": 0.0018476092765591474,
  "improvement": -0.00010794763949262265,
  "relative_improvement_pct": -0.011139954373576604,
  "status": "failed",
  "gm_baseline": 0.975708,
  "gm_status": "not_reached",
  "gm_diff": -0.0068026476508601386,
  "feature_count_2b": 15,
  "feature_count_base": 7,
  "cv_scores_phase2b": [
    0.9692307692307692,
    0.9676113360323887,
    0.965991902834008,
    0.9700404858299595,
    0.9716522678185745
  ],
  "cv_scores_baseline": [
    0.9695006747638326,
    0.9676113360323887,
    0.9662618083670715,
    0.970310391363023,
    0.9713822894168467
  ]
}